title,company,posted_at,url
Two Dot AI: Senior AI Engineer,Unknown,2025-05-29 02:08,https://weworkremotely.com/remote-jobs/two-dot-ai-senior-ai-engineer
Ansys: Principal Application Engineer - PowerArtist (Remote - PST preferred),Unknown,2025-05-29 00:35,https://weworkremotely.com/remote-jobs/ansys-principal-application-engineer-powerartist-remote-pst-preferred-1
Indotronix International Corp: Remote Field Technician - Cleared Contractor - C with Security Clearance,Unknown,2025-05-29 00:35,https://weworkremotely.com/remote-jobs/indotronix-international-corp-remote-field-technician-cleared-contractor-c-with-security-clearance
FirstCall Marketing: Senior Google Ads Specialist / Media Buyer,Unknown,2025-05-28 23:34,https://weworkremotely.com/remote-jobs/firstcall-marketing-senior-google-ads-specialist-media-buyer
Contra: No Code Developer,Unknown,2025-05-28 22:28,https://weworkremotely.com/remote-jobs/contra-no-code-developer-1
Contra: Social Media Manager,Unknown,2025-05-28 22:27,https://weworkremotely.com/remote-jobs/contra-social-media-manager-5
Contra: Creative Video Editor,Unknown,2025-05-28 22:26,https://weworkremotely.com/remote-jobs/contra-creative-video-editor
Contra: Motion Designer,Unknown,2025-05-28 22:25,https://weworkremotely.com/remote-jobs/contra-motion-designer-2
Contra: Marketing Strategist,Unknown,2025-05-28 22:24,https://weworkremotely.com/remote-jobs/contra-marketing-strategist-2
DAYBREAKER: Graphic Design Internship '25,Unknown,2025-05-28 19:00,https://weworkremotely.com/remote-jobs/daybreaker-graphic-design-internship-25
DAYBREAKER: Graphic Design Internship '25,Unknown,2025-05-28 19:00,https://weworkremotely.com/remote-jobs/daybreaker-graphic-design-internship-25
IMEG Consultants: Senior Virtual Design Coordinator,Unknown,2025-05-28 19:00,https://weworkremotely.com/remote-jobs/imeg-consultants-senior-virtual-design-coordinator
Fusemachines: Sr. Machine Learning Engineer,Unknown,2025-05-28 19:00,https://weworkremotely.com/remote-jobs/fusemachines-sr-machine-learning-engineer
Datavail Infotech: Business Development Representative,Unknown,2025-05-28 18:59,https://weworkremotely.com/remote-jobs/datavail-infotech-business-development-representative
Lexipol: Customer Success Associate - Performance Management,Unknown,2025-05-28 18:59,https://weworkremotely.com/remote-jobs/lexipol-customer-success-associate-performance-management
hey contact heroes GmbH: EU-Freelancer (m/w/d) im Inbound Kundenservice - Home-Office!,Unknown,2025-05-28 14:32,https://weworkremotely.com/remote-jobs/hey-contact-heroes-gmbh-eu-freelancer-m-w-d-im-inbound-kundenservice-home-office
TripleDart: Paid Media Strategist,Unknown,2025-05-28 11:51,https://weworkremotely.com/remote-jobs/tripledart-paid-media-strategist
"Speakeasy Authority Marketing, Inc.: Business Development Specialist",Unknown,2025-05-28 10:14,https://weworkremotely.com/remote-jobs/speakeasy-authority-marketing-inc-business-development-specialist-1
Applied Systems: Sr. Technical Product Manager,Unknown,2025-05-28 09:57,https://weworkremotely.com/remote-jobs/applied-systems-sr-technical-product-manager
AssetIntel: Backend Engineer  (Remote - India),Unknown,2025-05-28 09:57,https://weworkremotely.com/remote-jobs/assetintel-backend-engineer-remote-india
Fertility Bridge: Remote Mailchimp Email Marketing Specialist (Philippines),Unknown,2025-05-28 09:54,https://weworkremotely.com/remote-jobs/fertility-bridge-remote-mailchimp-email-marketing-specialist-philippines
"Crescendo: Director, Demand Generation",Unknown,2025-05-28 09:54,https://weworkremotely.com/remote-jobs/crescendo-director-demand-generation
CRM Experts Online: Zoho Project Consultant,Unknown,2025-05-28 09:47,https://weworkremotely.com/remote-jobs/crm-experts-online-zoho-project-consultant
Axiom Software Solutions Limited: Sr MS Dynamics CRM Business analyst,Unknown,2025-05-28 09:47,https://weworkremotely.com/remote-jobs/axiom-software-solutions-limited-sr-ms-dynamics-crm-business-analyst
hey contact heroes GmbH: Freelancer (m/w/d) Inbound Kundenservice - Ã¼berall in der EU! - Home-Office,Unknown,2025-05-28 08:32,https://weworkremotely.com/remote-jobs/hey-contact-heroes-gmbh-freelancer-m-w-d-inbound-kundenservice-uberall-in-der-eu-home-office
ILSC Education Group: Creative Graphics Designer,Unknown,2025-05-27 19:49,https://weworkremotely.com/remote-jobs/ilsc-education-group-creative-graphics-designer
"DNAnexus: Product Marketing Director, Diagnostics & Health Systems",Unknown,2025-05-27 19:36,https://weworkremotely.com/remote-jobs/dnanexus-product-marketing-director-diagnostics-health-systems
Kustomer: Commercial Sales Manager,Unknown,2025-05-27 19:20,https://weworkremotely.com/remote-jobs/kustomer-commercial-sales-manager
Online River: Remote CRM Coordinator,Unknown,2025-05-27 19:20,https://weworkremotely.com/remote-jobs/online-river-remote-crm-coordinator
LATAM/EU Only] Executive Assistant to the CEO at Growing MarTech SaaS ðŸš€,Vidalytics: [Remote,2025-05-27 17:24,https://weworkremotely.com/remote-jobs/vidalytics-remote-latam-eu-only-executive-assistant-to-the-ceo-at-growing-martech-saas
Spectral Core: Senior C# Developer with strong database knowledge,Unknown,2025-05-27 16:02,https://weworkremotely.com/remote-jobs/spectral-core-senior-csharp-developer-with-strong-database-knowledge
steampunk: Service Designer,Unknown,2025-05-27 14:52,https://weworkremotely.com/remote-jobs/steampunk-service-designer
"J.D. Power: Partner Manager, Customer Relationship Manager (CRM)",Unknown,2025-05-27 14:51,https://weworkremotely.com/remote-jobs/j-d-power-partner-manager-customer-relationship-manager-crm
&MARKETING: Digital Marketer: Tech and Design Director,Unknown,2025-05-27 13:23,https://weworkremotely.com/remote-jobs/marketing-digital-marketer-tech-and-design-director
